cohorts_month,life_month,active_players,paying_players,total_sub_revenue,total_purchase_revenue,total_items_bought,cohort_size,retention_rate
2020-01-01,0.0,61,13,3800.0,144381.25,562.0,150,0.4066666666666667
2020-01-01,1.0,71,25,7600.0,172585.15,713.0,150,0.47333333333333333
2020-01-01,2.0,71,26,7700.0,188188.15,733.0,150,0.47333333333333333
2020-01-01,3.0,67,34,10100.0,160019.0,671.0,150,0.44666666666666666
2020-01-01,4.0,60,33,10200.0,118355.2,499.0,150,0.4
2020-01-01,5.0,56,29,8100.0,125080.85,498.0,150,0.37333333333333335
2020-01-01,6.0,51,30,9000.0,134638.5,545.0,150,0.34
2020-01-01,7.0,55,28,8600.0,120947.25,477.0,150,0.36666666666666664
2020-01-01,8.0,49,28,9300.0,117929.2,483.0,150,0.32666666666666666
2020-01-01,9.0,42,25,8500.0,82666.0,338.0,150,0.28
2020-01-01,10.0,53,24,7400.0,116781.3,483.0,150,0.35333333333333333
2020-01-01,11.0,44,26,6900.0,108948.0,448.0,150,0.29333333333333333
2020-01-01,12.0,49,25,6700.0,101508.45,404.0,150,0.32666666666666666
2020-01-01,13.0,42,25,7000.0,81650.8,353.0,150,0.28
2020-01-01,14.0,39,19,5500.0,74793.35,293.0,150,0.26
2020-01-01,15.0,34,19,5300.0,86970.40000000001,346.0,150,0.22666666666666666
2020-01-01,16.0,40,22,5300.0,95041.75,380.0,150,0.26666666666666666
2020-01-01,17.0,38,20,5400.0,87396.65,367.0,150,0.25333333333333335
2020-01-01,18.0,40,20,5500.0,98037.85,422.0,150,0.26666666666666666
2020-01-01,19.0,37,20,5200.0,83903.8,350.0,150,0.24666666666666667
2020-01-01,20.0,33,18,4500.0,88954.55,378.0,150,0.22
2020-01-01,21.0,30,16,3800.0,73289.4,305.0,150,0.2
2020-01-01,22.0,35,17,4300.0,79841.05,316.0,150,0.23333333333333334
2020-01-01,23.0,29,14,4000.0,50027.35,204.0,150,0.19333333333333333
2020-01-01,24.0,27,16,4700.0,46039.700000000004,204.0,150,0.18
2020-01-01,25.0,29,15,4500.0,82115.3,337.0,150,0.19333333333333333
2020-01-01,26.0,25,13,3800.0,75165.35,287.0,150,0.16666666666666666
2020-01-01,27.0,28,13,4500.0,52175.55,211.0,150,0.18666666666666668
2020-01-01,28.0,25,10,4200.0,62230.65,250.0,150,0.16666666666666666
2020-01-01,29.0,20,11,4000.0,45704.3,191.0,150,0.13333333333333333
2020-01-01,30.0,24,11,4000.0,52137.35,218.0,150,0.16
2020-01-01,31.0,22,11,3700.0,47846.35,193.0,150,0.14666666666666667
2020-01-01,32.0,27,14,4300.0,64373.0,258.0,150,0.18
2020-01-01,33.0,25,16,5000.0,51956.1,245.0,150,0.16666666666666666
2020-01-01,34.0,29,14,5100.0,77480.8,311.0,150,0.19333333333333333
2020-01-01,35.0,22,15,5500.0,63377.7,256.0,150,0.14666666666666667
2020-01-01,36.0,23,16,5200.0,51216.45,211.0,150,0.15333333333333332
2020-02-01,0.0,42,2,900.0,72862.85,258.0,115,0.3652173913043478
2020-02-01,1.0,53,5,1500.0,92875.6,370.0,115,0.4608695652173913
2020-02-01,2.0,33,8,1900.0,51203.3,213.0,115,0.28695652173913044
2020-02-01,3.0,42,11,2800.0,83986.2,322.0,115,0.3652173913043478
2020-02-01,4.0,37,16,4600.0,97937.3,383.0,115,0.3217391304347826
2020-02-01,5.0,34,17,5100.0,89344.35,340.0,115,0.2956521739130435
2020-02-01,6.0,34,18,5600.0,70299.7,267.0,115,0.2956521739130435
2020-02-01,7.0,36,20,6500.0,80745.35,340.0,115,0.3130434782608696
2020-02-01,8.0,37,20,6300.0,106960.4,436.0,115,0.3217391304347826
2020-02-01,9.0,29,18,6100.0,81155.5,340.0,115,0.25217391304347825
2020-02-01,10.0,39,14,4700.0,78103.45,299.0,115,0.3391304347826087
2020-02-01,11.0,35,15,5000.0,64200.6,256.0,115,0.30434782608695654
2020-02-01,12.0,25,15,5100.0,62065.1,248.0,115,0.21739130434782608
2020-02-01,13.0,29,14,5100.0,67388.35,290.0,115,0.25217391304347825
2020-02-01,14.0,32,16,5500.0,74693.9,301.0,115,0.2782608695652174
2020-02-01,15.0,32,15,5100.0,80680.9,320.0,115,0.2782608695652174
2020-02-01,16.0,28,12,4200.0,56587.75,227.0,115,0.24347826086956523
2020-02-01,17.0,24,11,4200.0,58638.8,245.0,115,0.20869565217391303
2020-02-01,18.0,25,14,4800.0,61061.2,253.0,115,0.21739130434782608
2020-02-01,19.0,20,14,4700.0,47001.6,187.0,115,0.17391304347826086
2020-02-01,20.0,26,14,4200.0,54185.5,201.0,115,0.22608695652173913
2020-02-01,21.0,21,13,3800.0,56430.45,227.0,115,0.1826086956521739
2020-02-01,22.0,23,12,3600.0,52329.1,211.0,115,0.2
2020-02-01,23.0,16,11,3400.0,44473.55,168.0,115,0.1391304347826087
2020-02-01,24.0,21,10,3200.0,49551.65,184.0,115,0.1826086956521739
2020-02-01,25.0,15,9,3000.0,39496.65,171.0,115,0.13043478260869565
2020-02-01,26.0,19,11,3400.0,58634.05,238.0,115,0.16521739130434782
2020-02-01,27.0,19,13,3800.0,38836.25,159.0,115,0.16521739130434782
2020-02-01,28.0,18,11,3200.0,36373.5,162.0,115,0.1565217391304348
2020-02-01,29.0,19,10,3100.0,39791.35,175.0,115,0.16521739130434782
2020-02-01,30.0,18,9,3000.0,32588.85,137.0,115,0.1565217391304348
2020-02-01,31.0,21,10,3200.0,50692.25,228.0,115,0.1826086956521739
2020-02-01,32.0,20,13,3800.0,58123.200000000004,247.0,115,0.17391304347826086
2020-02-01,33.0,24,15,4500.0,82970.35,328.0,115,0.20869565217391303
2020-02-01,34.0,22,18,5700.0,73589.8,285.0,115,0.19130434782608696
2020-02-01,35.0,26,13,4400.0,59440.85,214.0,115,0.22608695652173913
2020-03-01,0.0,499,79,24500.0,949362.45,3868.0,1252,0.3985623003194888
2020-03-01,1.0,518,153,47800.0,1132534.8,4544.0,1252,0.41373801916932906
2020-03-01,2.0,510,187,57800.0,1201710.7,4874.0,1252,0.4073482428115016
2020-03-01,3.0,508,204,62800.0,1090477.45,4351.0,1252,0.4057507987220447
2020-03-01,4.0,472,212,66600.0,1112339.05,4457.0,1252,0.3769968051118211
2020-03-01,5.0,478,226,70500.0,1172610.4,4747.0,1252,0.3817891373801917
2020-03-01,6.0,448,243,74400.0,1142089.35,4622.0,1252,0.35782747603833864
2020-03-01,7.0,419,235,74000.0,997980.6,4088.0,1252,0.33466453674121405
2020-03-01,8.0,426,231,69400.0,986420.7,3984.0,1252,0.3402555910543131
2020-03-01,9.0,405,230,68900.0,1033797.85,4170.0,1252,0.323482428115016
2020-03-01,10.0,376,211,63800.0,852360.4,3475.0,1252,0.3003194888178914
2020-03-01,11.0,382,205,62600.0,849837.65,3450.0,1252,0.305111821086262
2020-03-01,12.0,353,195,61800.0,758385.1,3037.0,1252,0.2819488817891374
2020-03-01,13.0,326,171,53900.0,729677.25,2975.0,1252,0.26038338658146964
2020-03-01,14.0,324,179,56200.0,765541.0,3098.0,1252,0.25878594249201275
2020-03-01,15.0,319,195,62900.0,821987.4,3384.0,1252,0.2547923322683706
2020-03-01,16.0,315,180,58300.0,754136.8,3056.0,1252,0.2515974440894569
2020-03-01,17.0,305,163,52900.0,819746.2,3282.0,1252,0.24361022364217252
2020-03-01,18.0,280,164,51500.0,696057.15,2821.0,1252,0.22364217252396165
2020-03-01,19.0,261,145,43800.0,636566.25,2615.0,1252,0.2084664536741214
2020-03-01,20.0,264,138,41400.0,608436.15,2483.0,1252,0.2108626198083067
2020-03-01,21.0,233,121,35500.0,560756.25,2217.0,1252,0.18610223642172524
2020-03-01,22.0,247,114,34500.0,588618.7,2444.0,1252,0.19728434504792333
2020-03-01,23.0,228,110,34600.0,435582.35,1773.0,1252,0.18210862619808307
2020-03-01,24.0,225,109,34100.0,598091.9,2447.0,1252,0.17971246006389777
2020-03-01,25.0,226,108,32600.0,552628.4,2206.0,1252,0.1805111821086262
2020-03-01,26.0,217,120,35400.0,571218.15,2298.0,1252,0.1733226837060703
2020-03-01,27.0,213,122,36700.0,519121.1,2081.0,1252,0.17012779552715654
2020-03-01,28.0,236,117,34900.0,508222.05,2119.0,1252,0.18849840255591055
2020-03-01,29.0,211,104,31000.0,457513.75,1783.0,1252,0.16853035143769968
2020-03-01,30.0,204,99,29600.0,484330.75,1947.0,1252,0.16293929712460065
2020-03-01,31.0,216,106,31000.0,549389.3,2184.0,1252,0.17252396166134185
2020-03-01,32.0,211,108,32000.0,487489.65,1933.0,1252,0.16853035143769968
2020-03-01,33.0,223,119,35200.0,541811.1,2231.0,1252,0.1781150159744409
2020-03-01,34.0,219,125,38300.0,492001.1,1948.0,1252,0.17492012779552715
2020-04-01,0.0,58,7,1700.0,98358.9,378.0,168,0.34523809523809523
2020-04-01,1.0,61,16,4400.0,112266.15,454.0,168,0.3630952380952381
2020-04-01,2.0,65,26,7900.0,187268.5,757.0,168,0.3869047619047619
2020-04-01,3.0,75,30,10200.0,183625.1,707.0,168,0.44642857142857145
2020-04-01,4.0,67,32,10700.0,162704.3,655.0,168,0.39880952380952384
2020-04-01,5.0,68,29,8800.0,149983.25,614.0,168,0.40476190476190477
2020-04-01,6.0,63,22,6800.0,128311.4,500.0,168,0.375
2020-04-01,7.0,57,23,6700.0,116726.85,463.0,168,0.3392857142857143
2020-04-01,8.0,57,29,7600.0,148660.3,611.0,168,0.3392857142857143
2020-04-01,9.0,60,29,8700.0,167227.0,706.0,168,0.35714285714285715
2020-04-01,10.0,58,33,9200.0,157048.9,636.0,168,0.34523809523809523
2020-04-01,11.0,44,26,7500.0,93791.45,384.0,168,0.2619047619047619
2020-04-01,12.0,43,24,7400.0,110525.7,444.0,168,0.25595238095238093
2020-04-01,13.0,34,21,6000.0,72568.1,297.0,168,0.20238095238095238
2020-04-01,14.0,36,17,4900.0,78437.1,324.0,168,0.21428571428571427
2020-04-01,15.0,35,18,6000.0,105731.3,454.0,168,0.20833333333333334
2020-04-01,16.0,37,20,6100.0,108994.1,437.0,168,0.22023809523809523
2020-04-01,17.0,35,19,6700.0,109333.65000000001,423.0,168,0.20833333333333334
2020-04-01,18.0,35,20,6600.0,115339.0,462.0,168,0.20833333333333334
2020-04-01,19.0,31,17,4600.0,72128.35,297.0,168,0.18452380952380953
2020-04-01,20.0,32,10,3200.0,65035.05,263.0,168,0.19047619047619047
2020-04-01,21.0,28,11,3700.0,75897.8,334.0,168,0.16666666666666666
2020-04-01,22.0,31,13,3800.0,75226.4,294.0,168,0.18452380952380953
2020-04-01,23.0,25,10,2600.0,64731.45,269.0,168,0.1488095238095238
2020-04-01,24.0,30,14,4300.0,66010.45,258.0,168,0.17857142857142858
2020-04-01,25.0,33,14,4600.0,75318.05,299.0,168,0.19642857142857142
2020-04-01,26.0,24,12,3900.0,63126.8,259.0,168,0.14285714285714285
2020-04-01,27.0,32,15,5100.0,99412.5,387.0,168,0.19047619047619047
2020-04-01,28.0,31,14,4600.0,69508.35,276.0,168,0.18452380952380953
2020-04-01,29.0,29,14,4600.0,85569.1,332.0,168,0.17261904761904762
2020-04-01,30.0,27,16,5000.0,91398.3,343.0,168,0.16071428571428573
2020-04-01,31.0,29,18,6200.0,107138.9,442.0,168,0.17261904761904762
2020-04-01,32.0,37,19,5900.0,116000.5,485.0,168,0.22023809523809523
2020-04-01,33.0,34,20,6200.0,100103.7,391.0,168,0.20238095238095238
2020-05-01,0.0,32,5,2200.0,66092.95,253.0,89,0.3595505617977528
2020-05-01,1.0,40,12,4500.0,80959.95,328.0,89,0.449438202247191
2020-05-01,2.0,39,16,5300.0,79111.5,308.0,89,0.43820224719101125
2020-05-01,3.0,35,18,5700.0,76105.95,324.0,89,0.39325842696629215
2020-05-01,4.0,39,19,5900.0,101138.15,394.0,89,0.43820224719101125
2020-05-01,5.0,39,22,7100.0,75243.5,310.0,89,0.43820224719101125
2020-05-01,6.0,33,21,7200.0,78684.1,321.0,89,0.3707865168539326
2020-05-01,7.0,36,18,5700.0,84115.9,332.0,89,0.4044943820224719
2020-05-01,8.0,27,14,4000.0,75249.35,300.0,89,0.30337078651685395
2020-05-01,9.0,29,14,4500.0,72946.95,309.0,89,0.3258426966292135
2020-05-01,10.0,29,19,5800.0,78856.85,325.0,89,0.3258426966292135
2020-05-01,11.0,30,20,6000.0,73703.6,330.0,89,0.33707865168539325
2020-05-01,12.0,32,17,5200.0,71282.3,284.0,89,0.3595505617977528
2020-05-01,13.0,27,17,4900.0,82840.35,345.0,89,0.30337078651685395
2020-05-01,14.0,24,17,4600.0,80464.6,294.0,89,0.2696629213483146
2020-05-01,15.0,25,13,3200.0,43465.75,167.0,89,0.2808988764044944
2020-05-01,16.0,25,8,2200.0,38132.4,156.0,89,0.2808988764044944
2020-05-01,17.0,14,5,1300.0,31472.7,132.0,89,0.15730337078651685
2020-05-01,18.0,16,7,2300.0,46137.0,192.0,89,0.1797752808988764
2020-05-01,19.0,18,8,3000.0,65821.15,271.0,89,0.20224719101123595
2020-05-01,20.0,15,9,3200.0,48985.75,195.0,89,0.16853932584269662
2020-05-01,21.0,18,8,2800.0,41961.85,166.0,89,0.20224719101123595
2020-05-01,22.0,13,7,1700.0,38071.7,162.0,89,0.14606741573033707
2020-05-01,23.0,16,8,1900.0,40068.15,164.0,89,0.1797752808988764
2020-05-01,24.0,17,8,1900.0,71385.2,277.0,89,0.19101123595505617
2020-05-01,25.0,15,8,1900.0,34714.35,138.0,89,0.16853932584269662
2020-05-01,26.0,15,9,2700.0,38977.85,157.0,89,0.16853932584269662
2020-05-01,27.0,16,9,2700.0,45136.1,192.0,89,0.1797752808988764
2020-05-01,28.0,16,10,2900.0,62690.85,242.0,89,0.1797752808988764
2020-05-01,29.0,17,10,3100.0,48755.1,202.0,89,0.19101123595505617
2020-05-01,30.0,16,9,2400.0,55168.3,207.0,89,0.1797752808988764
2020-05-01,31.0,19,9,2400.0,60804.7,242.0,89,0.21348314606741572
2020-05-01,32.0,18,10,3100.0,57774.9,236.0,89,0.20224719101123595
2020-06-01,0.0,97,17,5400.0,190728.25,778.0,231,0.4199134199134199
2020-06-01,1.0,99,30,9400.0,235001.05,941.0,231,0.42857142857142855
2020-06-01,2.0,91,43,13300.0,250141.15,994.0,231,0.3939393939393939
2020-06-01,3.0,100,49,15700.0,243019.3,1013.0,231,0.4329004329004329
2020-06-01,4.0,97,47,15100.0,252647.5,991.0,231,0.4199134199134199
2020-06-01,5.0,91,49,15400.0,233841.05,912.0,231,0.3939393939393939
2020-06-01,6.0,89,51,15500.0,193318.05,786.0,231,0.3852813852813853
2020-06-01,7.0,73,44,13000.0,196619.15,746.0,231,0.31601731601731603
2020-06-01,8.0,79,43,12700.0,165319.1,646.0,231,0.341991341991342
2020-06-01,9.0,68,34,9500.0,172775.7,720.0,231,0.2943722943722944
2020-06-01,10.0,65,35,10000.0,146674.65,612.0,231,0.2813852813852814
2020-06-01,11.0,70,34,10300.0,190715.45,761.0,231,0.30303030303030304
2020-06-01,12.0,63,37,11000.0,136165.65,558.0,231,0.2727272727272727
2020-06-01,13.0,65,38,11500.0,141082.35,565.0,231,0.2813852813852814
2020-06-01,14.0,64,35,10900.0,131134.6,548.0,231,0.27705627705627706
2020-06-01,15.0,45,27,8400.0,110121.6,452.0,231,0.19480519480519481
2020-06-01,16.0,56,22,7100.0,113399.45,442.0,231,0.24242424242424243
2020-06-01,17.0,35,27,8700.0,102388.75,423.0,231,0.15151515151515152
2020-06-01,18.0,52,30,9000.0,139525.1,563.0,231,0.22510822510822512
2020-06-01,19.0,56,29,8200.0,144122.35,565.0,231,0.24242424242424243
2020-06-01,20.0,54,27,8000.0,90978.0,379.0,231,0.23376623376623376
2020-06-01,21.0,50,24,7800.0,133823.2,553.0,231,0.21645021645021645
2020-06-01,22.0,47,27,9200.0,120420.0,495.0,231,0.20346320346320346
2020-06-01,23.0,53,29,9800.0,162453.7,607.0,231,0.22943722943722944
2020-06-01,24.0,49,29,9100.0,119502.9,504.0,231,0.21212121212121213
2020-06-01,25.0,47,26,9100.0,107721.85,428.0,231,0.20346320346320346
2020-06-01,26.0,39,20,7000.0,78638.8,325.0,231,0.16883116883116883
2020-06-01,27.0,32,19,6800.0,64685.75,279.0,231,0.13852813852813853
2020-06-01,28.0,39,21,7800.0,106614.0,404.0,231,0.16883116883116883
2020-06-01,29.0,40,20,7300.0,104767.0,431.0,231,0.17316017316017315
2020-06-01,30.0,42,17,6100.0,80402.65,311.0,231,0.18181818181818182
2020-06-01,31.0,39,17,6700.0,74371.75,286.0,231,0.16883116883116883
2020-07-01,0.0,99,25,8900.0,221233.6,917.0,243,0.4074074074074074
2020-07-01,1.0,114,46,16000.0,312190.7,1265.0,243,0.4691358024691358
2020-07-01,2.0,110,49,16700.0,292854.25,1198.0,243,0.45267489711934156
2020-07-01,3.0,103,59,19400.0,265885.15,1129.0,243,0.42386831275720166
2020-07-01,4.0,101,54,17000.0,243693.3,939.0,243,0.4156378600823045
2020-07-01,5.0,91,56,17900.0,264280.95,1106.0,243,0.37448559670781895
2020-07-01,6.0,104,61,20500.0,265454.25,1107.0,243,0.4279835390946502
2020-07-01,7.0,98,52,17500.0,250187.1,1027.0,243,0.40329218106995884
2020-07-01,8.0,84,51,16000.0,150049.35,599.0,243,0.345679012345679
2020-07-01,9.0,78,48,15400.0,173031.55,735.0,243,0.32098765432098764
2020-07-01,10.0,88,47,15200.0,221122.7,925.0,243,0.36213991769547327
2020-07-01,11.0,80,48,15500.0,170284.55,700.0,243,0.3292181069958848
2020-07-01,12.0,73,44,13800.0,159632.8,648.0,243,0.3004115226337449
2020-07-01,13.0,77,44,13100.0,196090.05,766.0,243,0.3168724279835391
2020-07-01,14.0,73,39,11800.0,190178.15,753.0,243,0.3004115226337449
2020-07-01,15.0,61,36,11300.0,131405.4,546.0,243,0.25102880658436216
2020-07-01,16.0,56,27,9400.0,130445.75,527.0,243,0.23045267489711935
2020-07-01,17.0,57,28,9100.0,123473.05,498.0,243,0.2345679012345679
2020-07-01,18.0,56,30,9000.0,162099.85,650.0,243,0.23045267489711935
2020-07-01,19.0,59,30,8600.0,139437.4,543.0,243,0.24279835390946503
2020-07-01,20.0,55,31,8800.0,148750.25,593.0,243,0.22633744855967078
2020-07-01,21.0,58,32,8800.0,145053.05,587.0,243,0.23868312757201646
2020-07-01,22.0,57,33,8400.0,142651.45,597.0,243,0.2345679012345679
2020-07-01,23.0,57,33,9000.0,121060.2,509.0,243,0.2345679012345679
2020-07-01,24.0,57,31,8900.0,169356.05,672.0,243,0.2345679012345679
2020-07-01,25.0,60,33,9300.0,121734.55,520.0,243,0.24691358024691357
2020-07-01,26.0,64,33,9600.0,137945.3,565.0,243,0.26337448559670784
2020-07-01,27.0,62,34,9800.0,170271.75,686.0,243,0.2551440329218107
2020-07-01,28.0,53,34,9700.0,172999.15,709.0,243,0.21810699588477367
2020-07-01,29.0,58,29,9400.0,131369.9,535.0,243,0.23868312757201646
2020-07-01,30.0,48,27,8700.0,93894.6,362.0,243,0.19753086419753085
2020-08-01,0.0,1084,192,57400.0,2262229.6,8968.0,2657,0.4079789235980429
2020-08-01,1.0,1131,362,104300.0,2581412.45,10179.0,2657,0.42566804666917574
2020-08-01,2.0,1139,439,131000.0,2722456.4,10831.0,2657,0.42867896123447496
2020-08-01,3.0,1088,515,153100.0,2608950.45,10674.0,2657,0.4094843808806925
2020-08-01,4.0,1044,517,160600.0,2610983.05,10668.0,2657,0.39292435077154686
2020-08-01,5.0,1053,539,166100.0,2550068.25,10356.0,2657,0.3963116296575085
2020-08-01,6.0,982,556,169300.0,2359832.15,9604.0,2657,0.36958976289047796
2020-08-01,7.0,950,529,162200.0,2352031.55,9612.0,2657,0.35754610462928116
2020-08-01,8.0,878,495,150100.0,2129040.9,8667.0,2657,0.3304478735415883
2020-08-01,9.0,831,479,146700.0,2078475.25,8414.0,2657,0.3127587504704554
2020-08-01,10.0,814,465,141700.0,1972428.35,7956.0,2657,0.30636055701919457
2020-08-01,11.0,784,438,129800.0,1834262.05,7405.0,2657,0.2950696273993225
2020-08-01,12.0,744,413,125800.0,1810674.85,7376.0,2657,0.2800150545728265
2020-08-01,13.0,720,391,117600.0,1742860.95,6965.0,2657,0.27098231087692887
2020-08-01,14.0,674,363,107400.0,1537204.15,6249.0,2657,0.2536695521264584
2020-08-01,15.0,627,344,102600.0,1508192.25,6152.0,2657,0.23598042905532557
2020-08-01,16.0,605,335,97500.0,1503939.1,5981.0,2657,0.22770041400075272
2020-08-01,17.0,577,331,96700.0,1486237.95,5902.0,2657,0.2171622130222055
2020-08-01,18.0,591,327,100900.0,1462677.8,5761.0,2657,0.2224313135114791
2020-08-01,19.0,572,312,98800.0,1468276.5,5981.0,2657,0.2152803914188935
2020-08-01,20.0,562,314,99200.0,1443848.65,5830.0,2657,0.21151674821226948
2020-08-01,21.0,547,296,93500.0,1364295.7,5552.0,2657,0.20587128340233346
2020-08-01,22.0,504,277,84700.0,1208386.65,4940.0,2657,0.1896876176138502
2020-08-01,23.0,515,265,82800.0,1153195.95,4635.0,2657,0.19382762514113663
2020-08-01,24.0,491,261,84600.0,1175388.55,4790.0,2657,0.18479488144523898
2020-08-01,25.0,527,266,83900.0,1215466.65,4954.0,2657,0.19834399698908545
2020-08-01,26.0,487,251,76200.0,1130435.75,4652.0,2657,0.1832894241625894
2020-08-01,27.0,469,253,76800.0,1093864.0,4364.0,2657,0.17651486639066616
2020-08-01,28.0,470,246,77000.0,1194780.1,4892.0,2657,0.17689123071132856
2020-08-01,29.0,481,259,80700.0,1150124.1,4769.0,2657,0.18103123823861497
2020-09-01,0.0,32,5,1600.0,61751.7,250.0,70,0.45714285714285713
2020-09-01,1.0,25,8,2500.0,57364.7,224.0,70,0.35714285714285715
2020-09-01,2.0,25,7,2500.0,69752.5,292.0,70,0.35714285714285715
2020-09-01,3.0,26,11,4000.0,74432.35,311.0,70,0.37142857142857144
2020-09-01,4.0,29,12,4200.0,80855.15,318.0,70,0.4142857142857143
2020-09-01,5.0,30,14,4900.0,58954.799999999996,264.0,70,0.42857142857142855
2020-09-01,6.0,29,15,4800.0,67140.25,260.0,70,0.4142857142857143
2020-09-01,7.0,26,12,5100.0,52844.85,232.0,70,0.37142857142857144
2020-09-01,8.0,20,10,4200.0,46066.8,200.0,70,0.2857142857142857
2020-09-01,9.0,22,12,4200.0,41411.05,165.0,70,0.3142857142857143
2020-09-01,10.0,23,12,4500.0,46037.75,222.0,70,0.32857142857142857
2020-09-01,11.0,25,12,3900.0,56005.4,229.0,70,0.35714285714285715
2020-09-01,12.0,17,12,3600.0,33902.35,126.0,70,0.24285714285714285
2020-09-01,13.0,18,11,3600.0,33955.25,148.0,70,0.2571428571428571
2020-09-01,14.0,18,12,4100.0,44428.35,159.0,70,0.2571428571428571
2020-09-01,15.0,23,14,5200.0,67820.15,257.0,70,0.32857142857142857
2020-09-01,16.0,19,16,5600.0,57921.7,244.0,70,0.2714285714285714
2020-09-01,17.0,19,11,3700.0,31638.25,132.0,70,0.2714285714285714
2020-09-01,18.0,17,8,2500.0,19620.25,79.0,70,0.24285714285714285
2020-09-01,19.0,13,4,1100.0,21010.1,79.0,70,0.18571428571428572
2020-09-01,20.0,15,7,2000.0,52246.15,224.0,70,0.21428571428571427
2020-09-01,21.0,11,8,2200.0,30772.4,123.0,70,0.15714285714285714
2020-09-01,22.0,14,7,2000.0,42260.65,178.0,70,0.2
2020-09-01,23.0,15,6,1800.0,29910.05,116.0,70,0.21428571428571427
2020-09-01,24.0,12,6,1500.0,30491.95,121.0,70,0.17142857142857143
2020-09-01,25.0,14,5,1300.0,38403.0,162.0,70,0.2
2020-09-01,26.0,12,5,1300.0,18403.7,70.0,70,0.17142857142857143
2020-09-01,27.0,9,4,800.0,12918.55,44.0,70,0.12857142857142856
2020-09-01,28.0,14,4,800.0,22046.7,91.0,70,0.2
2020-10-01,0.0,55,12,3900.0,110106.65,429.0,123,0.44715447154471544
2020-10-01,1.0,46,20,5800.0,110685.1,407.0,123,0.37398373983739835
2020-10-01,2.0,49,27,8400.0,136730.7,566.0,123,0.3983739837398374
2020-10-01,3.0,53,31,9500.0,144632.0,558.0,123,0.43089430894308944
2020-10-01,4.0,52,23,6400.0,113758.95,433.0,123,0.42276422764227645
2020-10-01,5.0,46,28,7700.0,103779.05,441.0,123,0.37398373983739835
2020-10-01,6.0,46,30,8100.0,123965.1,521.0,123,0.37398373983739835
2020-10-01,7.0,44,27,7300.0,116116.4,456.0,123,0.35772357723577236
2020-10-01,8.0,37,24,6300.0,94949.6,389.0,123,0.3008130081300813
2020-10-01,9.0,38,22,5900.0,70223.65,289.0,123,0.3089430894308943
2020-10-01,10.0,37,19,4700.0,87112.7,340.0,123,0.3008130081300813
2020-10-01,11.0,32,18,4400.0,80977.9,329.0,123,0.2601626016260163
2020-10-01,12.0,32,20,6500.0,92785.8,380.0,123,0.2601626016260163
2020-10-01,13.0,34,19,6100.0,115097.15,487.0,123,0.2764227642276423
2020-10-01,14.0,28,18,6100.0,73336.65,310.0,123,0.22764227642276422
2020-10-01,15.0,35,20,6000.0,72701.35,290.0,123,0.2845528455284553
2020-10-01,16.0,26,16,4100.0,82925.45,328.0,123,0.21138211382113822
2020-10-01,17.0,29,15,3900.0,73101.8,289.0,123,0.23577235772357724
2020-10-01,18.0,28,16,3800.0,55704.4,187.0,123,0.22764227642276422
2020-10-01,19.0,26,12,2700.0,45797.85,198.0,123,0.21138211382113822
2020-10-01,20.0,23,10,2600.0,34599.6,148.0,123,0.18699186991869918
2020-10-01,21.0,19,10,2600.0,36881.45,148.0,123,0.15447154471544716
2020-10-01,22.0,19,11,3400.0,42983.55,163.0,123,0.15447154471544716
2020-10-01,23.0,24,12,3900.0,47160.65,201.0,123,0.1951219512195122
2020-10-01,24.0,16,10,3500.0,31444.850000000002,119.0,123,0.13008130081300814
2020-10-01,25.0,17,10,3200.0,38380.85,159.0,123,0.13821138211382114
2020-10-01,26.0,18,10,2900.0,42630.7,182.0,123,0.14634146341463414
2020-10-01,27.0,18,9,2400.0,45582.85,182.0,123,0.14634146341463414
2020-11-01,0.0,40,7,1700.0,92557.5,367.0,98,0.40816326530612246
2020-11-01,1.0,44,13,3200.0,122372.45,481.0,98,0.4489795918367347
2020-11-01,2.0,45,17,4500.0,101351.05,432.0,98,0.45918367346938777
2020-11-01,3.0,47,19,4400.0,90308.3,352.0,98,0.47959183673469385
2020-11-01,4.0,31,20,4900.0,94014.6,369.0,98,0.3163265306122449
2020-11-01,5.0,37,19,4700.0,106299.55,411.0,98,0.37755102040816324
2020-11-01,6.0,30,21,5100.0,67267.0,282.0,98,0.30612244897959184
2020-11-01,7.0,40,23,6700.0,128465.65,515.0,98,0.40816326530612246
2020-11-01,8.0,32,21,6500.0,73583.5,309.0,98,0.32653061224489793
2020-11-01,9.0,29,19,5600.0,61061.95,268.0,98,0.29591836734693877
2020-11-01,10.0,28,16,5100.0,64297.8,252.0,98,0.2857142857142857
2020-11-01,11.0,26,14,4500.0,65064.9,285.0,98,0.2653061224489796
2020-11-01,12.0,30,17,5100.0,90806.25,374.0,98,0.30612244897959184
2020-11-01,13.0,32,19,6300.0,78953.6,295.0,98,0.32653061224489793
2020-11-01,14.0,23,15,5000.0,53416.65,239.0,98,0.23469387755102042
2020-11-01,15.0,21,15,5000.0,48722.25,180.0,98,0.21428571428571427
2020-11-01,16.0,22,13,4100.0,57286.9,243.0,98,0.22448979591836735
2020-11-01,17.0,19,9,3000.0,57925.7,259.0,98,0.19387755102040816
2020-11-01,18.0,18,9,3000.0,44974.55,167.0,98,0.1836734693877551
2020-11-01,19.0,14,9,3300.0,41696.75,162.0,98,0.14285714285714285
2020-11-01,20.0,14,6,2100.0,52726.25,213.0,98,0.14285714285714285
2020-11-01,21.0,19,9,3000.0,54268.25,205.0,98,0.19387755102040816
2020-11-01,22.0,21,12,3900.0,56823.5,245.0,98,0.21428571428571427
2020-11-01,23.0,13,7,2300.0,42536.3,163.0,98,0.1326530612244898
2020-11-01,24.0,15,9,3000.0,45656.5,169.0,98,0.15306122448979592
2020-11-01,25.0,15,11,4200.0,29869.45,127.0,98,0.15306122448979592
2020-11-01,26.0,17,9,3200.0,45426.8,177.0,98,0.17346938775510204
2020-12-01,0.0,105,22,6200.0,232815.15,902.0,229,0.4585152838427948
2020-12-01,1.0,105,32,9000.0,190733.9,756.0,229,0.4585152838427948
2020-12-01,2.0,105,37,10100.0,264394.3,1047.0,229,0.4585152838427948
2020-12-01,3.0,101,39,10900.0,229676.6,880.0,229,0.4410480349344978
2020-12-01,4.0,75,36,10000.0,181844.65,752.0,229,0.32751091703056767
2020-12-01,5.0,79,39,10700.0,254161.0,994.0,229,0.34497816593886466
2020-12-01,6.0,80,41,12300.0,209428.35,816.0,229,0.34934497816593885
2020-12-01,7.0,75,46,12500.0,176499.1,718.0,229,0.32751091703056767
2020-12-01,8.0,65,40,11600.0,152982.95,628.0,229,0.2838427947598253
2020-12-01,9.0,54,34,11100.0,148063.55,600.0,229,0.23580786026200873
2020-12-01,10.0,62,34,10700.0,124189.7,503.0,229,0.27074235807860264
2020-12-01,11.0,55,31,9400.0,113684.75,478.0,229,0.24017467248908297
2020-12-01,12.0,52,31,8000.0,122642.8,476.0,229,0.22707423580786026
2020-12-01,13.0,55,33,8900.0,114578.15,456.0,229,0.24017467248908297
2020-12-01,14.0,52,27,8700.0,109600.2,468.0,229,0.22707423580786026
2020-12-01,15.0,46,27,8300.0,104165.6,423.0,229,0.20087336244541484
2020-12-01,16.0,49,29,8400.0,120635.45,507.0,229,0.21397379912663755
2020-12-01,17.0,47,27,8000.0,99036.35,389.0,229,0.2052401746724891
2020-12-01,18.0,50,26,7000.0,112828.3,458.0,229,0.2183406113537118
2020-12-01,19.0,47,27,6900.0,89594.65,371.0,229,0.2052401746724891
2020-12-01,20.0,50,25,7000.0,108382.9,427.0,229,0.2183406113537118
2020-12-01,21.0,43,24,7100.0,111239.55,440.0,229,0.18777292576419213
2020-12-01,22.0,42,23,6600.0,132869.3,536.0,229,0.18340611353711792
2020-12-01,23.0,42,19,5200.0,92214.05,349.0,229,0.18340611353711792
2020-12-01,24.0,35,20,5400.0,105941.8,406.0,229,0.15283842794759825
2020-12-01,25.0,42,18,5400.0,88870.75,373.0,229,0.18340611353711792
2021-01-01,0.0,53,5,1300.0,90063.75,345.0,156,0.33974358974358976
2021-01-01,1.0,67,15,4600.0,158434.75,651.0,156,0.42948717948717946
2021-01-01,2.0,58,22,5800.0,139980.9,565.0,156,0.3717948717948718
2021-01-01,3.0,65,31,7700.0,172449.85,700.0,156,0.4166666666666667
2021-01-01,4.0,66,33,9200.0,161819.45,647.0,156,0.4230769230769231
2021-01-01,5.0,59,34,9200.0,140193.4,599.0,156,0.3782051282051282
2021-01-01,6.0,52,30,7800.0,97016.2,409.0,156,0.3333333333333333
2021-01-01,7.0,55,35,8800.0,166863.4,639.0,156,0.3525641025641026
2021-01-01,8.0,62,32,7600.0,138755.6,541.0,156,0.3974358974358974
2021-01-01,9.0,50,30,8000.0,131622.15,530.0,156,0.32051282051282054
2021-01-01,10.0,46,30,8000.0,117338.85,474.0,156,0.2948717948717949
2021-01-01,11.0,48,26,7700.0,136036.0,554.0,156,0.3076923076923077
2021-01-01,12.0,42,23,7300.0,110105.5,415.0,156,0.2692307692307692
2021-01-01,13.0,42,25,7000.0,78545.8,314.0,156,0.2692307692307692
2021-01-01,14.0,36,20,5500.0,86856.15,340.0,156,0.23076923076923078
2021-01-01,15.0,36,18,5100.0,78828.1,313.0,156,0.23076923076923078
2021-01-01,16.0,31,17,4900.0,60441.6,256.0,156,0.1987179487179487
2021-01-01,17.0,32,18,5700.0,52908.3,220.0,156,0.20512820512820512
2021-01-01,18.0,32,12,3900.0,65226.45,256.0,156,0.20512820512820512
2021-01-01,19.0,27,14,5300.0,78518.55,323.0,156,0.17307692307692307
2021-01-01,20.0,35,15,5500.0,88138.0,359.0,156,0.22435897435897437
2021-01-01,21.0,32,16,5700.0,64461.2,271.0,156,0.20512820512820512
2021-01-01,22.0,31,16,5400.0,81201.1,331.0,156,0.1987179487179487
2021-01-01,23.0,32,13,4000.0,66767.8,266.0,156,0.20512820512820512
2021-01-01,24.0,31,14,3900.0,64219.0,265.0,156,0.1987179487179487
2021-02-01,0.0,46,9,2400.0,96860.0,388.0,105,0.4380952380952381
2021-02-01,1.0,46,12,3500.0,66942.15,270.0,105,0.4380952380952381
2021-02-01,2.0,43,10,2600.0,78341.45,312.0,105,0.4095238095238095
2021-02-01,3.0,45,13,3500.0,82972.25,348.0,105,0.42857142857142855
2021-02-01,4.0,38,14,4000.0,94805.95,363.0,105,0.3619047619047619
2021-02-01,5.0,39,18,6200.0,100242.8,372.0,105,0.37142857142857144
2021-02-01,6.0,46,24,8600.0,105723.59999999999,414.0,105,0.4380952380952381
2021-02-01,7.0,36,23,7600.0,95491.6,397.0,105,0.34285714285714286
2021-02-01,8.0,40,22,6800.0,93283.8,383.0,105,0.38095238095238093
2021-02-01,9.0,35,21,6600.0,77379.0,313.0,105,0.3333333333333333
2021-02-01,10.0,32,19,5900.0,70067.8,274.0,105,0.3047619047619048
2021-02-01,11.0,35,17,5200.0,93594.2,383.0,105,0.3333333333333333
2021-02-01,12.0,36,19,5600.0,109646.15000000001,415.0,105,0.34285714285714286
2021-02-01,13.0,35,18,4800.0,78955.45,337.0,105,0.3333333333333333
2021-02-01,14.0,29,17,5200.0,83233.3,315.0,105,0.2761904761904762
2021-02-01,15.0,37,18,5400.0,79594.45,335.0,105,0.3523809523809524
2021-02-01,16.0,31,21,6000.0,82742.2,347.0,105,0.29523809523809524
2021-02-01,17.0,26,15,4700.0,84154.75,327.0,105,0.24761904761904763
2021-02-01,18.0,33,18,4800.0,68090.1,255.0,105,0.3142857142857143
2021-02-01,19.0,33,17,4600.0,67924.65,272.0,105,0.3142857142857143
2021-02-01,20.0,27,16,4400.0,72059.9,300.0,105,0.2571428571428571
2021-02-01,21.0,35,18,5100.0,58518.0,224.0,105,0.3333333333333333
2021-02-01,22.0,24,14,4000.0,35086.85,144.0,105,0.22857142857142856
2021-02-01,23.0,15,10,2900.0,30258.8,123.0,105,0.14285714285714285
2021-03-01,0.0,58,12,3600.0,126507.45,514.0,141,0.41134751773049644
2021-03-01,1.0,76,24,7400.0,200018.25,771.0,141,0.5390070921985816
2021-03-01,2.0,56,24,7700.0,157135.95,691.0,141,0.3971631205673759
2021-03-01,3.0,57,28,8600.0,130825.65000000001,532.0,141,0.40425531914893614
2021-03-01,4.0,62,26,8600.0,144886.35,583.0,141,0.4397163120567376
2021-03-01,5.0,62,27,8400.0,116783.2,466.0,141,0.4397163120567376
2021-03-01,6.0,53,27,8900.0,103363.25,427.0,141,0.375886524822695
2021-03-01,7.0,39,25,8500.0,116587.85,471.0,141,0.2765957446808511
2021-03-01,8.0,43,26,9600.0,86794.15,371.0,141,0.3049645390070922
2021-03-01,9.0,45,26,9600.0,102383.7,417.0,141,0.3191489361702128
2021-03-01,10.0,40,22,7900.0,96719.8,379.0,141,0.28368794326241137
2021-03-01,11.0,38,20,7100.0,83012.6,363.0,141,0.2695035460992908
2021-03-01,12.0,37,17,6300.0,84470.05,338.0,141,0.2624113475177305
2021-03-01,13.0,37,18,7400.0,95782.05,379.0,141,0.2624113475177305
2021-03-01,14.0,38,22,7600.0,93100.25,381.0,141,0.2695035460992908
2021-03-01,15.0,34,18,6000.0,76793.75,333.0,141,0.24113475177304963
2021-03-01,16.0,39,18,5700.0,91009.05,361.0,141,0.2765957446808511
2021-03-01,17.0,34,17,5500.0,54413.450000000004,203.0,141,0.24113475177304963
2021-03-01,18.0,31,15,5100.0,67280.2,245.0,141,0.2198581560283688
2021-03-01,19.0,38,14,5100.0,78186.9,298.0,141,0.2695035460992908
2021-03-01,20.0,33,14,4300.0,76505.2,314.0,141,0.23404255319148937
2021-03-01,21.0,28,18,6000.0,52328.55,224.0,141,0.19858156028368795
2021-03-01,22.0,27,16,5600.0,80484.0,308.0,141,0.19148936170212766
2021-04-01,0.0,62,15,4200.0,124701.0,438.0,157,0.39490445859872614
2021-04-01,1.0,73,24,6600.0,150592.15,595.0,157,0.46496815286624205
2021-04-01,2.0,74,28,8600.0,186185.65,768.0,157,0.4713375796178344
2021-04-01,3.0,68,33,10800.0,168202.7,709.0,157,0.43312101910828027
2021-04-01,4.0,67,31,9800.0,137513.8,564.0,157,0.4267515923566879
2021-04-01,5.0,60,26,8200.0,152490.6,632.0,157,0.3821656050955414
2021-04-01,6.0,55,29,9400.0,149727.9,612.0,157,0.3503184713375796
2021-04-01,7.0,50,30,8500.0,145616.55,591.0,157,0.3184713375796178
2021-04-01,8.0,50,30,7400.0,145566.7,553.0,157,0.3184713375796178
2021-04-01,9.0,44,28,6800.0,116813.8,483.0,157,0.2802547770700637
2021-04-01,10.0,46,25,6400.0,111169.0,414.0,157,0.2929936305732484
2021-04-01,11.0,42,24,5700.0,97014.95,391.0,157,0.267515923566879
2021-04-01,12.0,45,29,8400.0,123705.5,501.0,157,0.28662420382165604
2021-04-01,13.0,37,27,8300.0,99742.95,444.0,157,0.2356687898089172
2021-04-01,14.0,41,21,6200.0,107327.7,424.0,157,0.2611464968152866
2021-04-01,15.0,39,22,6100.0,116236.9,458.0,157,0.2484076433121019
2021-04-01,16.0,38,22,6100.0,110579.6,439.0,157,0.24203821656050956
2021-04-01,17.0,38,24,6800.0,112304.95,479.0,157,0.24203821656050956
2021-04-01,18.0,42,24,7300.0,91273.1,396.0,157,0.267515923566879
2021-04-01,19.0,39,20,5800.0,84731.55,324.0,157,0.2484076433121019
2021-04-01,20.0,33,18,5900.0,71878.9,305.0,157,0.21019108280254778
2021-04-01,21.0,33,15,4800.0,71893.7,292.0,157,0.21019108280254778
2021-05-01,0.0,29,7,2000.0,71878.09999999999,254.0,82,0.35365853658536583
2021-05-01,1.0,34,12,4200.0,91535.65,331.0,82,0.4146341463414634
2021-05-01,2.0,38,15,4800.0,77912.3,300.0,82,0.4634146341463415
2021-05-01,3.0,32,15,3900.0,93247.05,390.0,82,0.3902439024390244
2021-05-01,4.0,25,14,3400.0,65422.75,245.0,82,0.3048780487804878
2021-05-01,5.0,27,14,3400.0,59091.2,247.0,82,0.32926829268292684
2021-05-01,6.0,27,16,4100.0,66399.55,266.0,82,0.32926829268292684
2021-05-01,7.0,29,15,4400.0,69999.65,261.0,82,0.35365853658536583
2021-05-01,8.0,26,13,4000.0,41785.4,173.0,82,0.3170731707317073
2021-05-01,9.0,27,14,4000.0,50290.4,222.0,82,0.32926829268292684
2021-05-01,10.0,23,11,3400.0,46439.3,178.0,82,0.2804878048780488
2021-05-01,11.0,22,10,3400.0,48671.85,201.0,82,0.2682926829268293
2021-05-01,12.0,21,10,3400.0,37503.85,171.0,82,0.25609756097560976
2021-05-01,13.0,22,11,3600.0,41789.0,167.0,82,0.2682926829268293
2021-05-01,14.0,21,12,3800.0,43567.85,181.0,82,0.25609756097560976
2021-05-01,15.0,20,10,2900.0,39288.0,158.0,82,0.24390243902439024
2021-05-01,16.0,20,8,2800.0,39940.1,153.0,82,0.24390243902439024
2021-05-01,17.0,17,9,3000.0,37657.55,158.0,82,0.2073170731707317
2021-05-01,18.0,19,10,3200.0,49972.8,186.0,82,0.23170731707317074
2021-05-01,19.0,17,9,2900.0,49997.9,185.0,82,0.2073170731707317
2021-05-01,20.0,19,11,3600.0,48800.2,192.0,82,0.23170731707317074
2021-06-01,0.0,574,87,28000.0,1069161.65,4273.0,1439,0.3988881167477415
2021-06-01,1.0,593,174,55000.0,1370355.05,5486.0,1439,0.4120917303683113
2021-06-01,2.0,594,224,70200.0,1433317.35,5815.0,1439,0.4127866574009729
2021-06-01,3.0,624,272,85900.0,1499455.65,6133.0,1439,0.43363446838082004
2021-06-01,4.0,561,268,81900.0,1509097.6,6055.0,1439,0.3898540653231411
2021-06-01,5.0,559,278,87100.0,1338511.65,5482.0,1439,0.38846421125781794
2021-06-01,6.0,531,282,91600.0,1357714.45,5548.0,1439,0.3690062543432939
2021-06-01,7.0,500,261,83000.0,1177728.2,4793.0,1439,0.34746351633078526
2021-06-01,8.0,477,264,80200.0,1255323.9,5106.0,1439,0.3314801945795691
2021-06-01,9.0,453,265,80000.0,1125529.05,4588.0,1439,0.31480194579569143
2021-06-01,10.0,440,254,77200.0,1092217.25,4453.0,1439,0.30576789437109103
2021-06-01,11.0,420,249,75300.0,1048592.25,4290.0,1439,0.2918693537178596
2021-06-01,12.0,393,225,69200.0,863151.55,3567.0,1439,0.2731063238359972
2021-06-01,13.0,393,211,66200.0,866084.9,3525.0,1439,0.2731063238359972
2021-06-01,14.0,380,210,63600.0,977297.35,3977.0,1439,0.2640722724113968
2021-06-01,15.0,378,205,63600.0,863823.8,3481.0,1439,0.26268241834607364
2021-06-01,16.0,344,182,55900.0,735732.15,2937.0,1439,0.23905489923558026
2021-06-01,17.0,321,184,53400.0,804856.15,3241.0,1439,0.22307157748436415
2021-06-01,18.0,328,177,53100.0,749952.1,3020.0,1439,0.22793606671299513
2021-06-01,19.0,328,162,48700.0,784469.4,3219.0,1439,0.22793606671299513
2021-07-01,0.0,98,15,4800.0,227047.0,907.0,259,0.3783783783783784
2021-07-01,1.0,113,30,9300.0,217005.4,868.0,259,0.4362934362934363
2021-07-01,2.0,100,42,13500.0,278740.85,1179.0,259,0.3861003861003861
2021-07-01,3.0,100,43,14700.0,235872.65,982.0,259,0.3861003861003861
2021-07-01,4.0,98,47,15700.0,246027.65,1004.0,259,0.3783783783783784
2021-07-01,5.0,103,49,15100.0,288924.2,1181.0,259,0.39768339768339767
2021-07-01,6.0,94,58,18900.0,258596.3,1069.0,259,0.36293436293436293
2021-07-01,7.0,98,57,17800.0,263073.0,1080.0,259,0.3783783783783784
2021-07-01,8.0,96,55,16800.0,263937.1,1116.0,259,0.37065637065637064
2021-07-01,9.0,83,46,13100.0,219610.1,900.0,259,0.3204633204633205
2021-07-01,10.0,84,45,12500.0,241366.3,938.0,259,0.32432432432432434
2021-07-01,11.0,78,48,13900.0,203495.2,813.0,259,0.30115830115830117
2021-07-01,12.0,76,45,13100.0,243775.1,986.0,259,0.29343629343629346
2021-07-01,13.0,75,42,12400.0,175652.95,725.0,259,0.28957528957528955
2021-07-01,14.0,69,41,12700.0,183822.3,756.0,259,0.26640926640926643
2021-07-01,15.0,60,34,10400.0,165671.65,672.0,259,0.23166023166023167
2021-07-01,16.0,65,35,10300.0,152354.45,623.0,259,0.25096525096525096
2021-07-01,17.0,67,39,11600.0,198018.7,831.0,259,0.25868725868725867
2021-07-01,18.0,56,38,11900.0,144027.35,583.0,259,0.21621621621621623
2021-08-01,0.0,97,21,7200.0,216800.5,839.0,218,0.44495412844036697
2021-08-01,1.0,89,34,10700.0,224944.15,873.0,218,0.40825688073394495
2021-08-01,2.0,95,36,10900.0,237197.9,935.0,218,0.43577981651376146
2021-08-01,3.0,82,40,12000.0,213876.25,865.0,218,0.3761467889908257
2021-08-01,4.0,84,37,10100.0,219641.5,880.0,218,0.3853211009174312
2021-08-01,5.0,80,37,9500.0,200418.25,809.0,218,0.3669724770642202
2021-08-01,6.0,77,35,9400.0,221196.1,868.0,218,0.3532110091743119
2021-08-01,7.0,75,34,9100.0,137824.25,533.0,218,0.3440366972477064
2021-08-01,8.0,68,32,9300.0,159445.4,652.0,218,0.3119266055045872
2021-08-01,9.0,64,35,9900.0,169544.45,680.0,218,0.29357798165137616
2021-08-01,10.0,72,36,10100.0,174694.45,689.0,218,0.3302752293577982
2021-08-01,11.0,60,37,11100.0,132097.35,541.0,218,0.27522935779816515
2021-08-01,12.0,65,38,12400.0,160150.45,646.0,218,0.2981651376146789
2021-08-01,13.0,56,33,10600.0,135392.5,558.0,218,0.25688073394495414
2021-08-01,14.0,53,32,10000.0,139657.3,553.0,218,0.24311926605504589
2021-08-01,15.0,50,34,11300.0,138765.2,566.0,218,0.22935779816513763
2021-08-01,16.0,56,32,10900.0,167758.7,695.0,218,0.25688073394495414
2021-08-01,17.0,51,36,12100.0,148468.25,614.0,218,0.23394495412844038
2021-09-01,0.0,157,30,7800.0,301310.0,1193.0,372,0.4220430107526882
2021-09-01,1.0,161,56,16800.0,418281.85,1638.0,372,0.4327956989247312
2021-09-01,2.0,166,60,18700.0,393301.05,1581.0,372,0.44623655913978494
2021-09-01,3.0,147,68,21900.0,377487.5,1591.0,372,0.3951612903225806
2021-09-01,4.0,150,79,24900.0,434537.5,1728.0,372,0.4032258064516129
2021-09-01,5.0,163,79,24600.0,401091.15,1674.0,372,0.4381720430107527
2021-09-01,6.0,154,82,25800.0,352354.7,1452.0,372,0.41397849462365593
2021-09-01,7.0,140,82,26000.0,330102.35,1354.0,372,0.3763440860215054
2021-09-01,8.0,138,78,24500.0,312949.85,1238.0,372,0.3709677419354839
2021-09-01,9.0,129,79,24600.0,330781.35,1357.0,372,0.3467741935483871
2021-09-01,10.0,132,81,25500.0,332032.8,1344.0,372,0.3548387096774194
2021-09-01,11.0,118,74,23800.0,322620.85,1333.0,372,0.3172043010752688
2021-09-01,12.0,121,69,22900.0,277717.25,1175.0,372,0.32526881720430106
2021-09-01,13.0,122,64,20000.0,290180.05,1171.0,372,0.3279569892473118
2021-09-01,14.0,109,58,18100.0,269985.05,1132.0,372,0.29301075268817206
2021-09-01,15.0,95,55,16900.0,230453.05,951.0,372,0.2553763440860215
2021-09-01,16.0,94,51,15800.0,233984.85,905.0,372,0.25268817204301075
2021-10-01,0.0,634,100,27900.0,1293286.45,5026.0,1582,0.40075853350189633
2021-10-01,1.0,687,217,62600.0,1581323.0,6323.0,1582,0.43426042983565105
2021-10-01,2.0,648,267,78800.0,1553619.85,6287.0,1582,0.40960809102402024
2021-10-01,3.0,650,301,88500.0,1519390.7,6072.0,1582,0.4108723135271808
2021-10-01,4.0,618,309,92100.0,1409226.05,5671.0,1582,0.3906447534766119
2021-10-01,5.0,572,294,87400.0,1437202.5,5863.0,1582,0.3615676359039191
2021-10-01,6.0,538,293,88300.0,1214501.7,4984.0,1582,0.34007585335018964
2021-10-01,7.0,539,288,89300.0,1260365.9,5028.0,1582,0.3407079646017699
2021-10-01,8.0,535,278,86600.0,1233524.45,4990.0,1582,0.3381795195954488
2021-10-01,9.0,490,251,79400.0,1222900.1,4994.0,1582,0.30973451327433627
2021-10-01,10.0,475,265,84300.0,1097990.85,4384.0,1582,0.3002528445006321
2021-10-01,11.0,481,264,81900.0,1134209.85,4618.0,1582,0.30404551201011376
2021-10-01,12.0,436,248,76400.0,1171086.0,4678.0,1582,0.27560050568900124
2021-10-01,13.0,424,243,75900.0,944752.35,3886.0,1582,0.26801517067003794
2021-10-01,14.0,400,223,71600.0,970173.15,4009.0,1582,0.2528445006321112
2021-10-01,15.0,401,219,69200.0,893824.1,3624.0,1582,0.2534766118836915
2021-11-01,0.0,40,7,2000.0,82917.3,338.0,104,0.38461538461538464
2021-11-01,1.0,45,9,2700.0,68049.25,289.0,104,0.4326923076923077
2021-11-01,2.0,40,11,3400.0,69166.75,288.0,104,0.38461538461538464
2021-11-01,3.0,40,13,4500.0,86432.65,339.0,104,0.38461538461538464
2021-11-01,4.0,37,18,5400.0,92644.85,392.0,104,0.3557692307692308
2021-11-01,5.0,35,18,5600.0,70321.7,274.0,104,0.33653846153846156
2021-11-01,6.0,29,17,5400.0,76911.3,327.0,104,0.27884615384615385
2021-11-01,7.0,30,16,4400.0,63078.9,242.0,104,0.28846153846153844
2021-11-01,8.0,30,11,2800.0,59025.75,233.0,104,0.28846153846153844
2021-11-01,9.0,19,11,3100.0,26354.8,113.0,104,0.18269230769230768
2021-11-01,10.0,25,12,3300.0,29563.5,118.0,104,0.2403846153846154
2021-11-01,11.0,22,15,4200.0,50385.35,210.0,104,0.21153846153846154
2021-11-01,12.0,20,13,4500.0,38058.3,166.0,104,0.19230769230769232
2021-11-01,13.0,15,10,2800.0,27878.600000000002,105.0,104,0.14423076923076922
2021-11-01,14.0,18,12,2700.0,31327.4,128.0,104,0.17307692307692307
2021-12-01,0.0,19,2,700.0,34688.45,125.0,37,0.5135135135135135
2021-12-01,1.0,14,2,700.0,32986.3,127.0,37,0.3783783783783784
2021-12-01,2.0,10,2,700.0,11196.35,51.0,37,0.2702702702702703
2021-12-01,3.0,6,3,1200.0,16950.9,56.0,37,0.16216216216216217
2021-12-01,4.0,8,3,1200.0,20007.65,86.0,37,0.21621621621621623
2021-12-01,5.0,5,4,1900.0,6685.0,27.0,37,0.13513513513513514
2021-12-01,6.0,7,4,1900.0,9768.4,32.0,37,0.1891891891891892
2021-12-01,7.0,7,4,1100.0,19734.899999999998,76.0,37,0.1891891891891892
2021-12-01,8.0,7,4,1100.0,4986.0,20.0,37,0.1891891891891892
2021-12-01,9.0,4,4,1100.0,8092.1,33.0,37,0.10810810810810811
2021-12-01,10.0,8,4,1100.0,10817.0,31.0,37,0.21621621621621623
2021-12-01,11.0,6,5,1600.0,7272.5,32.0,37,0.16216216216216217
2021-12-01,12.0,8,5,1600.0,5636.0,28.0,37,0.21621621621621623
2021-12-01,13.0,8,6,2100.0,13943.9,66.0,37,0.21621621621621623
2022-01-01,0.0,61,14,4000.0,128056.7,542.0,167,0.3652694610778443
2022-01-01,1.0,58,25,7000.0,140320.45,582.0,167,0.3473053892215569
2022-01-01,2.0,51,28,8000.0,103241.4,425.0,167,0.30538922155688625
2022-01-01,3.0,45,32,9700.0,94411.1,390.0,167,0.2694610778443114
2022-01-01,4.0,40,24,7400.0,82834.8,348.0,167,0.23952095808383234
2022-01-01,5.0,30,20,6700.0,54416.5,232.0,167,0.17964071856287425
2022-01-01,6.0,27,19,6500.0,41649.55,160.0,167,0.16167664670658682
2022-01-01,7.0,33,17,5500.0,36372.45,165.0,167,0.19760479041916168
2022-01-01,8.0,21,13,4100.0,43971.3,185.0,167,0.12574850299401197
2022-01-01,9.0,21,13,4100.0,36243.05,156.0,167,0.12574850299401197
2022-01-01,10.0,27,12,4200.0,45750.65,169.0,167,0.16167664670658682
2022-01-01,11.0,21,12,4500.0,53223.65,214.0,167,0.12574850299401197
2022-01-01,12.0,19,11,3700.0,33668.6,134.0,167,0.11377245508982035
2022-02-01,0.0,48,9,2100.0,93531.5,405.0,110,0.43636363636363634
2022-02-01,1.0,41,12,3000.0,115112.65,467.0,110,0.37272727272727274
2022-02-01,2.0,35,14,3700.0,76557.05,299.0,110,0.3181818181818182
2022-02-01,3.0,31,14,3900.0,61109.950000000004,263.0,110,0.2818181818181818
2022-02-01,4.0,21,12,3000.0,33158.65,120.0,110,0.19090909090909092
2022-02-01,5.0,19,10,2300.0,33329.45,134.0,110,0.17272727272727273
2022-02-01,6.0,15,10,2300.0,18526.9,64.0,110,0.13636363636363635
2022-02-01,7.0,15,9,2100.0,21652.3,93.0,110,0.13636363636363635
2022-02-01,8.0,13,10,2300.0,16627.75,82.0,110,0.11818181818181818
2022-02-01,9.0,14,10,2300.0,17894.75,71.0,110,0.12727272727272726
2022-02-01,10.0,13,10,2300.0,13502.5,59.0,110,0.11818181818181818
2022-02-01,11.0,12,9,2100.0,10559.3,49.0,110,0.10909090909090909
2022-03-01,0.0,62,7,2000.0,110314.4,416.0,128,0.484375
2022-03-01,1.0,43,11,3100.0,86419.55,365.0,128,0.3359375
2022-03-01,2.0,33,11,2800.0,53976.35,210.0,128,0.2578125
2022-03-01,3.0,27,12,3700.0,40384.7,165.0,128,0.2109375
2022-03-01,4.0,26,11,3300.0,31739.75,139.0,128,0.203125
2022-03-01,5.0,18,10,2800.0,28632.95,108.0,128,0.140625
2022-03-01,6.0,23,11,3600.0,39731.8,162.0,128,0.1796875
2022-03-01,7.0,18,9,3000.0,38091.25,161.0,128,0.140625
2022-03-01,8.0,15,8,2500.0,26753.4,111.0,128,0.1171875
2022-03-01,9.0,15,9,3000.0,39395.35,161.0,128,0.1171875
2022-03-01,10.0,13,8,2500.0,30818.95,139.0,128,0.1015625
2022-04-01,0.0,70,16,4400.0,157984.9,634.0,155,0.45161290322580644
2022-04-01,1.0,49,23,6300.0,139384.05,547.0,155,0.3161290322580645
2022-04-01,2.0,55,24,6600.0,148643.65,553.0,155,0.3548387096774194
2022-04-01,3.0,52,26,7300.0,71216.75,286.0,155,0.33548387096774196
2022-04-01,4.0,47,27,8400.0,77892.2,330.0,155,0.3032258064516129
2022-04-01,5.0,35,25,7700.0,51164.15,201.0,155,0.22580645161290322
2022-04-01,6.0,29,23,6700.0,34592.3,140.0,155,0.1870967741935484
2022-04-01,7.0,22,14,4500.0,10986.3,48.0,155,0.14193548387096774
2022-04-01,8.0,15,7,2600.0,11650.0,41.0,155,0.0967741935483871
2022-04-01,9.0,12,9,3000.0,14194.25,56.0,155,0.07741935483870968
2022-05-01,0.0,34,7,2300.0,69842.3,301.0,97,0.35051546391752575
2022-05-01,1.0,40,14,4900.0,85036.3,329.0,97,0.41237113402061853
2022-05-01,2.0,30,14,4800.0,62374.15,244.0,97,0.30927835051546393
2022-05-01,3.0,29,14,4500.0,48020.9,202.0,97,0.29896907216494845
2022-05-01,4.0,23,14,4000.0,41356.35,175.0,97,0.23711340206185566
2022-05-01,5.0,17,14,4000.0,23782.95,95.0,97,0.17525773195876287
2022-05-01,6.0,22,13,4100.0,32685.9,119.0,97,0.2268041237113402
2022-05-01,7.0,14,10,3500.0,21476.6,89.0,97,0.14432989690721648
2022-05-01,8.0,11,9,3000.0,27790.85,117.0,97,0.1134020618556701
2022-06-01,0.0,88,19,5900.0,187326.05,723.0,225,0.39111111111111113
2022-06-01,1.0,97,32,9100.0,181440.8,740.0,225,0.4311111111111111
2022-06-01,2.0,75,33,10100.0,166992.05,685.0,225,0.3333333333333333
2022-06-01,3.0,61,36,10500.0,162269.3,629.0,225,0.27111111111111114
2022-06-01,4.0,56,32,9000.0,123034.25,495.0,225,0.24888888888888888
2022-06-01,5.0,48,35,10400.0,103844.2,437.0,225,0.21333333333333335
2022-06-01,6.0,46,31,9100.0,68881.1,289.0,225,0.20444444444444446
2022-06-01,7.0,37,27,8300.0,73184.15,305.0,225,0.16444444444444445
2022-07-01,0.0,428,81,23400.0,922954.75,3667.0,993,0.4310171198388721
2022-07-01,1.0,358,129,38800.0,710662.05,2866.0,993,0.3605236656596173
2022-07-01,2.0,292,144,43700.0,721953.9,2925.0,993,0.2940584088620342
2022-07-01,3.0,276,156,48800.0,657915.85,2611.0,993,0.27794561933534745
2022-07-01,4.0,224,139,43000.0,447682.6,1784.0,993,0.2255790533736153
2022-07-01,5.0,190,126,38300.0,352497.25,1441.0,993,0.19133937562940584
2022-07-01,6.0,184,124,37900.0,312981.7,1294.0,993,0.18529707955689828
2022-08-01,0.0,84,11,2200.0,148547.5,600.0,239,0.3514644351464435
2022-08-01,1.0,88,21,4900.0,180686.3,739.0,239,0.3682008368200837
2022-08-01,2.0,76,28,6200.0,183326.5,736.0,239,0.3179916317991632
2022-08-01,3.0,65,31,7100.0,102715.45,403.0,239,0.2719665271966527
2022-08-01,4.0,52,25,5900.0,64458.65,271.0,239,0.2175732217573222
2022-08-01,5.0,41,22,5300.0,52505.7,218.0,239,0.17154811715481172
2022-09-01,0.0,18,1,500.0,22677.9,102.0,63,0.2857142857142857
2022-09-01,1.0,17,4,1100.0,37148.15,144.0,63,0.2698412698412698
2022-09-01,2.0,18,6,1500.0,46511.15,185.0,63,0.2857142857142857
2022-09-01,3.0,18,8,2200.0,46733.35,179.0,63,0.2857142857142857
2022-09-01,4.0,18,9,2400.0,27033.1,119.0,63,0.2857142857142857
2022-10-01,0.0,53,5,1800.0,100093.0,374.0,127,0.41732283464566927
2022-10-01,1.0,51,10,3400.0,101180.95,393.0,127,0.4015748031496063
2022-10-01,2.0,33,17,5600.0,75843.3,316.0,127,0.25984251968503935
2022-10-01,3.0,38,17,5100.0,51331.85,225.0,127,0.2992125984251969
2022-11-01,0.0,45,9,3300.0,93613.75,379.0,102,0.4411764705882353
2022-11-01,1.0,32,12,4500.0,57844.55,246.0,102,0.3137254901960784
2022-11-01,2.0,27,13,5000.0,47227.25,215.0,102,0.2647058823529412
2022-12-01,0.0,17,3,900.0,41237.9,175.0,45,0.37777777777777777
2022-12-01,1.0,17,5,1600.0,39094.1,130.0,45,0.37777777777777777
2023-01-01,0.0,83,11,3700.0,153366.8,611.0,175,0.4742857142857143
